,Player,Pos,Age,Tm,Salary,Ensemble,Value Diff,LinReg,SVM,LogReg,Bayes,DecTree,Forest
0,Steven Adams,5,26,OKC,25842697,11395323,-14447374,12674606,4696874,1471382,22642350,10000000,12285779
1,Bam Adebayo,4,22,MIA,3454080,16668311,13214231,17629210,6434520,23775506,21165675,26540100,17997756
2,LaMarcus Aldridge,5,34,SAS,26000000,20496126,-5503874,14136832,20575005,22116750,23775506,5519400,15030118
3,Nickeil Alexander-Walker,2,21,NOP,2964840,1624147,-1340693,3054399,1914480,77250,1312611,1733880,2616939
4,Grayson Allen,2,24,MEM,2429400,2767794,338394,5498812,2795000,77250,2500000,7250000,4445625
5,Jarrett Allen,5,21,BRK,2376840,10521915,8145075,12167003,2034120,1471382,22642350,13528090,13200753
6,Kadeem Allen,1,27,NYK,79568,2585743,2506175,2716219,2100000,77250,4449000,1350120,1887131
7,Al-Farouq Aminu,4,29,ORL,9258000,2287812,-6970188,6073294,1991520,77250,1312611,1312611,10020259
8,Kyle Anderson,3,26,MEM,9073050,7994958,-1078092,6314489,16000000,1312611,5782450,1952760,6184361
9,Ryan Anderson,5,31,HOU,5714583,1463996,-4250587,2901948,1180080,77250,1579440,1410598,1197537
10,Giannis Antetokounmpo,4,25,MIL,25842697,25473374,-369323,24594069,25434263,26540100,25467250,23775506,23321493
11,Kostas Antetokounmpo,4,22,LAL,79568,1302166,1222598,874038,3750000,77250,76236,3750000,1327201
12,Thanasis Antetokounmpo,3,27,MIL,1445697,1087995,-357702,313131,2360160,77250,1050961,1500000,1602594
13,Carmelo Anthony,4,35,POR,2159029,13633959,11474930,9848302,26243760,1312611,12000000,6700800,6630487
14,OG Anunoby,3,22,TOR,2281800,10024585,7742785,8409081,14087500,10000000,7400000,12078652,8716683
15,Ryan Arcidiacono,1,25,CHI,3000000,1664486,-1335514,3292892,2393887,77250,838464,1312611,4243929
16,Trevor Ariza,3,34,TOT,12200000,6380101,-5819899,7996271,2368327,8000000,8000000,8000000,5108974
17,DJ Augustin,1,32,ORL,7250000,6296711,-953289,9092837,7250000,77250,7250000,3382000,7384350
18,Deandre Ayton,5,21,PHO,9562920,8777294,-785626,14345347,2299080,22116750,2947304,2299080,14299480
19,Dwayne Bacon,2,24,CHO,1618520,1334809,-283711,4004473,165887,77250,1349383,1238464,2303005
20,Lonzo Ball,1,22,NOP,8719320,10961965,2242645,13668609,6286560,10000000,14000000,22434783,9812400
21,Mo Bamba,5,21,ORL,5697600,4454999,-1242601,4001398,10577466,77250,1757429,1496500,5102234
22,Harrison Barnes,4,27,SAC,24147727,15423514,-8724213,12983859,17745894,12000000,17000000,10464092,16394463
23,RJ Barrett,2,19,NYK,7839960,8485462,645502,9208298,8808989,1312611,12000000,30769231,15068657
24,Will Barton,3,29,DEN,12776786,16601740,3824954,13111907,21590909,12000000,17145838,8333333,7039417
25,Keita Bates-Diop,PF-SF,24,TOT,1416852,1902445,485593,5285932,1015696,77250,1512601,2760094,2299988
26,Nicolas Batum,3,31,CHO,25565217,2391427,-23173790,6143538,2300000,77250,1312611,9530000,9562094
27,Aron Baynes,5,33,PHO,5453280,4105127,-1348153,6011851,4350000,77250,5000000,15460675,7281599
28,Kent Bazemore,3,30,TOT,19269663,4809499,-14460164,4927067,6796117,1312611,5000000,5200000,7666463
29,Darius Bazley,4,19,OKC,2284800,3826664,1541864,5862027,2534280,77250,5881260,1906440,4108618
30,Bradley Beal,2,26,WAS,27093018,16684227,-10408791,19984215,6587131,12000000,26540100,24328425,19347825
31,Malik Beasley,2,23,TOT,2731713,5647992,2916279,6310887,3517200,77250,10500000,3210840,5575111
32,Marco Belinelli,2,33,SAS,5846154,1951055,-3895099,4694701,2161886,77250,1015696,3290000,3333558
33,Jordan Bell,5,25,TOT,1620564,1269480,-351084,3177005,874636,77250,1050961,1544951,3141089
34,Dragan Bender,PF-C,22,TOT,1678854,3023065,1344211,4492185,1709538,77250,5000000,13565218,5419680
35,Davis Bertans,4,27,WAS,7000000,13705037,6705037,10543507,18735364,12000000,12250000,8400000,10794620
36,Patrick Beverley,1,31,LAC,12345680,7466214,-4879466,7745617,5027028,10000000,8000000,11131368,6625710
37,Khem Birch,5,27,ORL,3000000,5012085,2012085,5183349,73528,77250,12400000,16400000,10595240
38,Goga Bitadze,5,20,IND,2816760,1186649,-1630111,878971,2516047,77250,838464,1544951,1457727
39,Bismack Biyombo,5,27,CHO,17000000,3125573,-13874427,5760640,4823621,77250,1600520,12267606,8257914
40,Nemanja Bjelica,4,31,SAC,6825000,8427408,1602408,10337807,12000000,10000000,2898000,12007169,9466088
41,Eric Bledsoe,1,30,MIL,15625000,11233395,-4391605,12175442,14000000,1312611,14000000,1544951,11047363
42,Bogdan Bogdanovic,2,27,SAC,8529386,13022553,4493167,9620840,17043478,12000000,12250000,5332800,10860720
43,Bojan Bogdanovic,3,30,UTA,17000000,9515766,-7484234,14258529,1689840,12000000,12000000,3833760,13955389
44,Bol Bol,4,20,DEN,79568,4701033,4621465,3086884,541170,77250,12400000,1512601,2068581
45,Jonah Bolden,5,24,TOT,1698450,359462,-1338988,-25206,77250,77250,1050000,5460000,1581234
46,Jordan Bone,1,22,DET,79568,621206,541638,619799,1569360,77250,76236,2328652,1113910
47,Isaac Bonga,3,20,WAS,1416852,5965261,4548409,3461926,4661280,77250,12400000,9607500,4656409
48,Devin Booker,2,23,PHO,27285000,15383702,-11901298,18291960,3314365,12000000,26540100,26153057,19176593
49,Chris Boucher,5,27,TOR,1588231,5779593,4191362,4577916,15170787,77250,1378242,1496500,4989645
50,Brian Bowen,3,21,IND,79568,293253,213685,1093739,77250,77250,77250,77250,1074647
51,Ky Bowman,1,22,GSW,79568,4507603,4428035,4509395,2512601,77250,9000000,1349383,2939228
52,Avery Bradley,2,29,LAL,6767000,4513593,-2253407,4229312,9000000,1312611,2500000,8653076,7523764
53,Tony Bradley,5,22,UTA,1962360,2857023,894663,3292037,5955760,77250,1378242,486892,3660334
54,Jarrell Brantley,4,23,UTA,79568,1664297,1584729,2454801,3333333,77250,543471,800000,2175658
55,Ignas Brazdeikis,3,21,NYK,898310,846833,-51477,949406,600000,77250,1465920,4666500,619045
56,Mikal Bridges,3,23,PHO,4161000,8220002,4059002,7692944,3557400,8000000,13000000,8000000,7154780
57,Miles Bridges,3,21,CHO,3755400,6968823,3213423,9499516,2775000,1312611,12500000,2775000,10041793
58,Oshae Brissett,3,21,TOR,79568,1017018,937450,1427651,838464,77250,1465920,4666500,1335780
59,Ryan Broekhoff,3,29,DAL,1416852,1629355,212503,3436591,2165481,77250,838464,77250,1929601
60,Malcolm Brogdon,1,27,IND,20000000,8752524,-11247476,14981275,5470920,1312611,12000000,10500000,13464898
61,Dillon Brooks,2,24,MEM,1618520,8638421,7019901,5475562,12100000,1312611,12000000,5922720,6007448
62,Bruce Brown,1,23,DET,1416852,6924463,5507611,7600437,10763500,1312611,6300000,2151704,5332401
63,Charlie Brown,2,22,ATL,79568,1044442,964874,37722,1837800,77250,1579440,2247480,957126
64,Jaylen Brown,2,23,BOS,6534829,12616359,6081530,13096594,13333333,12000000,12000000,14100000,7864761
65,Moses Brown,5,20,POR,79568,1677392,1597824,114889,4666500,77250,950000,1223653,1668091
66,Sterling Brown,3,24,MIL,1618520,1433472,-185048,4622656,607491,77250,838464,77250,2153228
67,Jalen Brunson,1,23,DAL,1416852,4988558,3571706,6322373,9367200,77250,3000000,1942422,1965780
68,Thomas Bryant,5,22,WAS,8000000,14109075,6109075,10829208,15500000,1471382,22642350,12500000,9299378
69,Reggie Bullock,2,28,NYK,4000000,4324785,324785,4430831,9000000,77250,2500000,1705920,7152166
70,Trey Burke,1,27,TOT,2028594,3117055,1088461,4468343,4227996,77250,3000000,2393887,3908164
71,Alec Burks,SF-SG,28,TOT,2320044,13880167,11560123,11761776,22642350,1312611,14800000,3533333,9187542
72,Deonte Burton,3,26,OKC,1416852,2183866,767014,1171586,6088993,77250,543471,874636,2108955
73,Jimmy Butler,3,30,MIA,32742000,22951460,-9790540,20263747,18696918,26540100,26540100,18696918,18141207
74,Bruno Caboclo,5,24,TOT,1845301,1289349,-555952,1291164,2568600,77250,838464,1544951,1779396
75,Kentavious Caldwell-Pope,2,26,LAL,8089282,4917874,-3171408,5367106,2500000,1312611,9000000,12500000,7463025
76,Vlatko Cancar,4,22,DEN,898310,283502,-614808,70277,177250,77250,650000,1312611,1182901
77,Clint Capela,5,25,HOU,16896552,17223900,327348,15716260,8175840,23775506,22642350,8175840,14836631
78,DeMarre Carroll,SF-C,33,TOT,7000000,2080309,-4919691,2709792,1378242,77250,3500000,5450000,2620022
79,Jevon Carter,1,24,PHO,1416852,2073726,656874,3697620,2255644,77250,2000000,2328652,3418358
80,Vince Carter,4,43,ATL,2564753,884511,-1680242,2449848,304051,77250,838464,2904480,1812053
81,Michael Carter-Williams,2,28,ORL,2028594,2813543,784949,5507386,230399,77250,5000000,3440356,4342401
82,Alex Caruso,1,25,LAL,2750000,3708679,958679,3998615,8105615,77250,1645200,1577280,2697581
83,Willie Cauley-Stein,5,26,TOT,2177483,4952348,2774865,5723539,8393000,77250,4187599,8393000,8461356
84,Tyson Chandler,5,37,HOU,2564753,991194,-1573559,1739656,1078810,77250,950000,384116,1895253
85,Wilson Chandler,4,32,BRK,2564753,1983516,-581237,4705547,1512601,77250,1709538,2500000,3367781
86,Joe Chealey,1,24,CHO,50000,598169,548169,485534,1455492,77250,198579,77250,696484
87,Zylan Cheatham,4,24,NOP,79568,6211620,6132052,734623,20421546,77250,543471,838464,4452657
88,Chris Chiozza,1,24,TOT,79568,1900332,1820764,4098920,2100000,77250,1315448,2000000,3121755
89,Marquese Chriss,4,22,GSW,1678854,2902782,1223928,7872308,1024000,77250,2947304,1312611,5356295
90,Gary Clark,SF-PF,25,TOT,1416852,1205216,-211636,3458365,674122,77250,838464,6134000,2369619
91,Brandon Clarke,4,23,MEM,2478840,7583398,5104558,9251611,16900000,1471382,1544951,16910112,6038419
92,Jordan Clarkson,2,27,TOT,13437500,5703551,-7733949,8071894,234920,77250,12500000,10500000,10553274
93,Nicolas Claxton,5,20,BRK,898310,2313660,1415350,3807913,1378242,77250,3500000,2350999,4254260
94,Chris Clemons,2,22,HOU,79568,714482,634914,1353874,1350120,77250,77250,1512601,2242167
95,Antonius Cleveland,2,25,DAL,79568,546419,466851,266374,1569360,77250,77250,77250,1065287
96,Amir Coffey,2,22,LAC,79568,676777,597209,749248,838464,77250,838464,449794,1223389
97,John Collins,4,22,ATL,2686560,15871818,13185258,14613776,2299080,22116750,25467250,12250000,6194583
98,Zach Collins,4,22,POR,4240200,8189618,3949418,5675310,18000000,1312611,5000000,5027028,6842794
99,Mike Conley,1,32,UTA,32511623,12141029,-20370594,9710715,18109175,1312611,14800000,9000000,11343009
100,Pat Connaughton,2,27,MIL,1723050,2646209,923159,6737528,2000000,77250,2000000,13565218,3910258
101,Quinn Cook,1,26,LAL,3000000,2154771,-845229,3016425,1410598,77250,3500000,1512601,1561122
102,Tyler Cook,PF-SF,22,TOT,79568,5558480,5478912,657337,17765000,77250,950000,815615,920020
103,Robert Covington,PF-C,29,TOT,11301219,11164650,-136569,9127766,12250000,10000000,12250000,5513514,7405886
104,Allen Crabbe,SG-SF,27,TOT,18500000,4344984,-14155016,3632387,7119650,77250,4837500,10500000,3715658
105,Torrey Craig,3,29,DEN,2000000,2623275,623275,3029051,4661280,77250,2000000,1291892,3042345
106,Jae Crowder,SF-PF,29,TOT,7815533,11659072,3843539,10365489,14087500,8000000,12500000,14200000,9840939
107,Jarrett Culver,2,20,MIN,5813640,9558565,3744925,4944682,24107258,77250,5000000,9173294,8609864
108,Seth Curry,2,29,DAL,7461380,5471825,-1989555,7840531,1773840,77250,10500000,7305825,7789380
109,Stephen Curry,1,31,GSW,40231758,9325072,-30906686,14626144,7019698,2393887,12000000,86118,10405947
110,Troy Daniels,2,28,TOT,2028594,3050340,1021746,2021570,3807146,77250,4837500,77250,855633
111,Anthony Davis,4,26,LAL,27093019,23971421,-3121598,21533945,22471911,26540100,25467250,23114066,21415231
112,Ed Davis,5,30,UTA,4767000,1713146,-3053854,1861355,3500000,77250,950000,309859,2273994
113,Terence Davis,2,22,TOR,898310,2296415,1398105,5459501,1619260,77250,2100000,3440356,5022687
114,Dewayne Dedmon,5,30,TOT,13333334,2794330,-10539004,3144208,4743000,77250,2393887,4863206,7100057
115,Matthew Dellavedova,1,29,CLE,9607500,3648149,-5959351,3246062,7708427,77250,2328652,449794,1960278
116,DeMar DeRozan,3,30,SAS,27739975,18864436,-8875539,16036869,20093064,12000000,23775506,5374320,14877919
117,Cheick Diallo,5,23,PHO,1678854,1235748,-443106,2771810,1312611,77250,815615,1471382,4823013
118,Hamidou Diallo,3,21,OKC,1416852,7468172,6051320,3223207,22116750,77250,1312611,6000000,3086106
119,Gorgui Dieng,5,30,TOT,16229213,4090393,-12138820,6356194,8375000,77250,1015696,3628920,4625681
120,Spencer Dinwiddie,1,26,BRK,10605600,10493568,-112032,13890001,5363280,12000000,12000000,8641000,10106506
121,Donte DiVincenzo,2,23,MIL,2905800,6797518,3891718,8420162,6500000,77250,10000000,1312611,5810628
122,Luka Doncic,1,20,DAL,7683360,26800718,19117358,25386314,28299399,26540100,26540100,26540100,25946998
123,Luguentz Dort,3,20,OKC,79568,1686030,1606462,2441221,2365560,77250,1512601,2440200,5699237
124,Damyean Dotson,2,25,NYK,1618520,1750365,131845,4570263,1015696,77250,1512601,3290000,3134653
125,Sekou Doumbouya,4,19,DET,3285120,1726707,-1558413,2825763,2440200,77250,1312611,77250,2896165
126,PJ Dozier,2,23,DEN,79568,1257248,1177680,2748606,380830,77250,1757429,1378242,1787101
127,Goran Dragic,1,33,MIA,19217900,11261007,-7956893,11128907,17043478,1312611,12000000,5332800,12104262
128,Andre Drummond,5,26,TOT,27093018,22327733,-4765285,17157609,25434262,23775506,22116750,2299080,17431483
129,Jared Dudley,4,34,LAL,2564753,921199,-1643554,1405380,1524305,77250,543471,1524305,2267140
130,Kris Dunn,1,25,CHI,5348007,3747454,-1600553,4441547,7945000,1312611,874636,19000000,5092162
131,Carsen Edwards,2,21,BOS,1228026,1158723,-69303,1401790,1410598,77250,1410598,1015696,1403866
132,Henry Ellenson,5,23,BRK,79568,412435,332867,881186,650000,77250,76236,365289,216427
133,Wayne Ellington,2,32,NYK,8000000,1784715,-6215285,3736273,2484360,77250,838464,2639313,2871497
134,Joel Embiid,5,25,PHI,27504630,18178788,-9325842,18863713,6100266,23775506,25467250,18868626,14130463
135,James Ennis,SF-SG,29,TOT,1882867,1858347,-24520,4139687,1709538,77250,1512601,77250,2579919
136,Drew Eubanks,5,22,SAS,79568,1607423,1527855,3446820,2106470,77250,815615,1312611,4219708
137,Jacob Evans,2,22,TOT,1928280,1931030,2750,2529826,3909840,77250,815615,2112480,1583390
138,Dante Exum,2,24,TOT,9600000,1837457,-7762543,3327126,77250,77250,3500000,3333333,2389197
139,Tacko Fall,5,24,BOS,79568,345047,265479,-519773,1450000,77250,77250,2116955,4635965
140,Derrick Favors,5,28,NOP,17650000,6810523,-10839477,10962957,11422536,1471382,2947304,1551659,14309228
141,Cristiano Felicio,5,27,CHI,8156500,5421748,-2734752,5039420,13585000,77250,1378242,12400000,6993848
142,Terrance Ferguson,3,21,OKC,2475840,4479324,2003484,805850,12763467,2500000,543471,3500000,6263051
143,Bruno Fernando,5,21,ATL,1400000,1267326,-132674,2234708,1794600,77250,838464,1794600,5077748
144,Yogi Ferrell,1,26,SAC,3150000,1088582,-2061418,2333311,1100000,77250,838464,1350120,1305263
145,Dorian Finney-Smith,4,26,DAL,4000000,10021364,6021364,8786078,14087500,8000000,8333333,2205000,8711939
146,Bryn Forbes,2,26,SAS,2875000,3872689,997689,6153998,6153846,77250,2500000,6000000,6370505
147,Evan Fournier,3,27,ORL,17000000,9286938,-7713062,10560748,3355320,12000000,12250000,12385665,9300930
148,De'Aaron Fox,1,22,SAC,6392760,17589769,11197009,13234746,15891725,12000000,25467250,5363280,9869457
149,Melvin Frazier,2,23,ORL,1416852,1382243,-34609,662008,1825200,77250,2247480,1378242,1125820
150,Michael Frazier,2,25,HOU,79568,490475,410907,157164,1455492,77250,77250,4347826,2839266
151,Tim Frazier,1,29,DET,1620564,2152839,532275,2914147,2752680,77250,2328652,1471382,2380643
152,Markelle Fultz,1,21,ORL,9745200,5306677,-4438523,8370470,1632480,1312611,9000000,11562500,5730988
153,Wenyen Gabriel,4,22,TOT,79568,709491,629923,903193,838464,77250,838464,877800,1552594
154,Daniel Gafford,5,21,CHI,898310,838393,-59917,1188251,77250,77250,1757429,543471,4764865
155,Danilo Gallinari,4,31,OKC,22615559,15561356,-7054203,15787893,21587579,12000000,12000000,24773250,15817184
156,Langston Galloway,2,28,DET,7333333,3007743,-4325590,7027101,2500000,77250,2500000,2500000,8632564
157,Darius Garland,2,20,CLE,6400920,4845794,-1555126,7755477,3744840,1312611,6000000,5513514,10518579
158,Marc Gasol,5,35,TOR,25595700,9785550,-15810150,8660140,5027028,8000000,16000000,5027028,8884182
159,Rudy Gay,4,33,SAS,14500000,4964358,-9535642,9146773,2847600,77250,7000000,1207194,8205081
160,Paul George,3,29,LAC,33005556,15333862,-17671694,15512296,21000000,12000000,12000000,14500000,16855874
161,Taj Gibson,5,34,NYK,9000000,6386520,-2613480,4350214,14112360,77250,4449000,3000000,3494675
162,Harry Giles,5,21,SAC,2578800,2247151,-331649,2563912,1034865,77250,4449000,2207040,3685118
163,Shai Gilgeous-Alexander,2,21,OKC,3952920,14981863,11028943,15111315,20072033,12000000,12000000,5374320,16121212
164,Rudy Gobert,5,27,UTA,24258427,15647538,-8610889,17262479,2121287,23775506,22116750,21224719,14230525
165,Brandon Goodwin,1,24,ATL,79568,1730517,1650949,2971243,1914480,77250,1709538,1914480,2931726
166,Aaron Gordon,4,24,ORL,19863636,14055506,-5808130,13767087,14800000,12000000,14800000,6700800,15872789
167,Eric Gordon,3,31,HOU,14057730,5932134,-8125596,7562475,1406520,77250,12500000,16517857,10422483
168,Treveon Graham,3,26,TOT,1645357,2910883,1265526,2798213,7119650,77250,815615,4837500,3230841
169,Jerami Grant,4,25,DEN,9346153,6348197,-2997956,7506861,12000000,1312611,3382000,18868625,5631688
170,Josh Gray,1,26,NOP,79568,762721,683153,3228970,131968,77250,77250,74158,7679678
171,Danny Green,2,32,LAL,14634147,7519957,-7114190,6089607,4264057,10000000,10000000,8653076,6942052
172,Draymond Green,4,29,GSW,18539130,5360388,-13178742,10568859,3129187,1312611,6300000,11131368,10258546
173,JaMychal Green,4,29,LAC,4767000,5950892,1183892,6417801,10470000,77250,5000000,1709538,6540763
174,Javonte Green,2,26,BOS,898310,1587507,689197,2118629,1551659,77250,2165481,543471,1886672
175,Jeff Green,PF-C,33,TOT,2564753,5982998,3418245,5119738,9367200,77250,7000000,13537527,3923332
176,Blake Griffin,4,30,DET,34449964,8281476,-26168488,11695110,6261394,1312611,12000000,2393887,12191267
177,Marko Guduric,2,24,MEM,2625000,1275410,-1349590,2792281,1410598,77250,838464,1167333,1731226
178,Kyle Guy,2,22,SAC,79568,1395460,1315892,73099,4666500,77250,76236,1414920,544725
179,Rui Hachimura,4,21,WAS,4469160,6417317,1948157,9918581,4351320,1312611,9000000,26011913,12074970
180,Devon Hall,1,24,OKC,79568,611118,531550,1196702,600000,77250,543471,1551659,1071918
181,Tim Hardaway Jr,2,27,DAL,20025127,11816173,-8208954,10429054,12250000,12000000,12250000,7377500,11456287
182,James Harden,2,30,HOU,38199000,27112821,-11086179,26855032,28299399,26540100,26540100,30570000,28279796
183,Jared Harper,1,22,PHO,79568,107677,28109,185658,104059,77250,76236,77250,192120
184,Montrezl Harrell,5,26,LAC,6000000,17389435,11389435,12321200,11111111,22116750,23775506,21165675,17142589
185,Gary Harris,2,25,DEN,17839286,7634058,-10205228,6743992,12016854,1312611,8000000,2593440,8692973
186,Joe Harris,3,28,BRK,7666667,13502650,5835983,9591097,18735364,12000000,12250000,17000000,11169705
187,Tobias Harris,4,27,PHI,32742000,11203862,-21538138,14529494,4317720,12000000,14800000,14800000,14239398
188,Shaquille Harrison,2,26,CHI,1620564,1633617,13053,2361302,2098196,77250,1645200,815615,2259860
189,Josh Hart,3,24,NOP,1934160,9962724,8028564,9373338,14087500,77250,12500000,12800000,8611099
190,Isaiah Hartenstein,5,21,HOU,1416852,2429028,1012176,2829223,1471382,77250,4449000,1378242,4390934
191,Udonis Haslem,5,39,MIA,2564753,951343,-1613410,4077253,193532,77250,47370,8630000,3812964
192,Jaxson Hayes,5,19,NOP,4862040,5360643,498603,3798351,12584270,77250,2947304,3000000,3180841
193,Gordon Hayward,3,29,BOS,32700690,16857232,-15843458,15185666,26540100,12000000,12000000,4956480,14015036
194,John Henson,5,29,TOT,9732396,1763566,-7968830,3655829,1471382,77250,1757429,11000000,5135826
195,Dewan Hernandez,5,23,TOR,898310,668054,-230256,750775,1634400,77250,77250,1465920,1744175
196,Juan Hernangomez,4,24,TOT,3321029,4547457,1226428,5435267,5020145,77250,6191000,1622520,3890402
197,Willy Hernangomez,5,25,CHO,1557250,1995333,438083,4985217,1679520,77250,1403611,10577466,6924182
198,Tyler Herro,2,20,MIA,3640200,6688930,3048730,10033843,1406520,1312611,12500000,6782392,8202534
199,Mario Hezonja,4,24,POR,1737145,2453578,716433,3513952,5000000,77250,815615,4837500,3271153
200,Buddy Hield,2,27,SAC,4861207,9819250,4958043,12418445,3833760,12000000,12250000,3290000,11033702
201,George Hill,1,33,MIL,10133907,3192283,-6941624,8466728,1645200,77250,2898000,5290000,4889874
202,Solomon Hill,4,28,TOT,13290395,3240081,-10050314,5326340,5000000,77250,2100000,1577280,3694683
203,Jaylen Hoard,4,20,POR,79568,787754,708186,1988873,77250,77250,1050961,543471,1197328
204,Aaron Holiday,1,23,IND,2239200,4830430,2591230,6562074,1312611,1312611,9000000,8801363,7999943
205,Jrue Holiday,2,29,NOP,26131111,16376521,-9754590,14078141,25686667,12000000,12000000,23112004,12920416
206,Justin Holiday,3,30,IND,4767000,7544652,2777652,6205819,4264057,10000000,10000000,6050000,5391518
207,Rondae Hollis-Jefferson,4,25,TOR,2500000,6466172,3966172,6360120,16000000,77250,1600520,1312611,5516439
208,Richaun Holmes,5,26,SAC,4767000,7712914,2945914,8198085,3140517,22116750,2947304,4149242,11574021
209,Rodney Hood,3,27,POR,5718000,11169451,5451451,7238596,18500000,8000000,9000000,1378242,6146950
210,Al Horford,5,33,PHI,28000000,14815002,-13184998,12526481,22434783,10000000,12250000,26011913,14241418
211,Talen Horton-Tucker,2,19,LAL,898310,1290506,392196,590317,2898000,77250,1015696,1468082,2895220
212,Danuel House,3,26,HOU,3540000,11712217,8172217,8322199,18500000,8000000,10000000,874636,8145226
213,Dwight Howard,5,34,LAL,5603850,3296231,-2307619,5443670,4187599,77250,2947304,2955840,4750510
214,Kevin Huerter,2,21,ATL,2636280,8941676,6305396,9225536,4500000,12000000,11000000,5513514,9096215
215,De'Andre Hunter,3,22,ATL,7068360,5643263,-1425097,7055212,4500000,1312611,8333333,1471382,7412965
216,Chandler Hutchison,3,23,CHI,2332320,3083707,751387,4806990,5000000,77250,1952760,6000000,4953460
217,Serge Ibaka,5,30,TOR,23271604,15808246,-7463358,10622264,21666667,1312611,22642350,2947304,9945539
218,Andre Iguodala,3,36,MIA,17185185,2284850,-14900335,5037016,2000000,77250,2000000,543471,8622606
219,Ersan Ilyasova,4,32,MIL,7000000,6973030,-26970,5932319,14112360,77250,5250000,7000000,2500243
220,Joe Ingles,4,32,UTA,11454546,13444686,1990140,10504407,24000000,8000000,9000000,4540525,9515727
221,Brandon Ingram,4,22,NOP,7265485,17990677,10725192,16497498,29512900,12000000,12000000,13333333,10256819
222,Kyrie Irving,1,27,BRK,31742000,22009961,-9732039,17265735,17638063,26540100,26540100,4503600,14971871
223,Jonathan Isaac,4,22,ORL,5806440,15734289,9927849,9220372,29230769,1312611,16400000,3704160,10567738
224,Wesley Iwundu,3,25,ORL,1618520,1798638,180118,4395720,1312611,77250,1512601,77250,4509929
225,Frank Jackson,1,21,NOP,1618520,978523,-639997,2405317,77250,77250,1378242,2904480,4101242
226,Josh Jackson,3,22,MEM,7059480,4224007,-2835473,4607145,3627842,77250,7000000,4992385,3045157
227,Justin Jackson,4,24,DAL,3280920,2340485,-940435,3727405,77250,77250,4837500,2760094,3672752
228,Reggie Jackson,SG-PG,29,TOT,18086956,5314102,-12772854,8405414,1632480,1312611,9000000,12000000,7894205
229,Justin James,3,23,SAC,898310,1512798,614488,1119080,2667600,77250,1579440,713305,1011964
230,LeBron James,1,35,LAL,37436858,28575959,-8860899,23789844,35654150,26540100,26540100,28299399,26506477
231,Amile Jefferson,4,26,ORL,1339515,1183972,-155543,1217830,2135040,77250,950000,77250,1404243
232,DaQuan Jeffries,2,22,SAC,898310,1789559,891249,1134809,77250,77250,4837500,2516047,2114898
233,Ty Jerome,2,22,PHO,2193480,1169394,-1024086,2293382,1410598,77250,838464,1167333,1306120
234,Alize Johnson,4,23,IND,1416852,1877580,460728,2532627,2165481,77250,2247480,3360000,1658279
235,BJ Johnson,3,24,ORL,79568,689634,610066,2717692,288131,77250,47370,77250,1471048
236,Cameron Johnson,4,23,PHO,4033440,5692629,1659189,6955976,7000000,77250,7000000,1015696,5263019
237,James Johnson,PF-C,32,TOT,15349400,3922157,-11427243,4644212,3094013,77250,6500000,13537527,5208253
238,Keldon Johnson,3,20,SAS,1950600,2072868,122268,6000703,1045000,77250,1544951,1514160,5274779
239,Stanley Johnson,4,23,TOR,3623000,1263105,-2359895,1449673,2360160,77250,838464,815615,1194930
240,Tyler Johnson,PG-SG,27,TOT,19245370,2128065,-17117305,4490069,1315448,77250,2500000,77250,3404358
241,Nikola Jokic,5,24,DEN,27504630,24384524,-3120106,19425441,25467250,26540100,25467250,25467250,4653518
242,Damian Jones,5,24,ATL,2305057,5825194,3520137,2317692,17000000,77250,1378242,12400000,1882079
243,Tyus Jones,1,23,MEM,9258000,2465567,-6792433,6811027,230399,77250,3000000,1577230,4069815
244,DeAndre Jordan,5,31,BRK,9881598,4572635,-5308963,11886658,2955840,1471382,2947304,4187599,12002073
245,Cory Joseph,1,28,SAC,12000000,4755782,-7244218,6061083,7945000,1312611,3000000,2898000,4267771
246,Mfiondu Kabengele,5,22,LAC,1977000,270354,-1706646,471633,457418,77250,77250,77250,1354937
247,Frank Kaminsky,5,26,PHO,4767000,5685848,918848,6924069,7000000,77250,7000000,2361359,4589831
248,Enes Kanter,5,27,BOS,4767000,2532184,-2234816,7715721,1375000,77250,1544951,1544951,3682210
249,Luke Kennard,2,23,DET,3827160,11020494,7193334,11499095,11825000,12000000,9367200,12250000,11909360
250,Stanton Kidd,2,27,UTA,250000,232254,-17746,809547,76236,77250,76236,393041,1867812
251,Michael Kidd-Gilchrist,4,26,TOT,13000000,6617041,-6382959,2208671,20421546,77250,838464,1315448,4187626
252,Louis King,3,20,DET,79568,355458,275890,400533,838464,77250,47370,7464912,995271
253,Maxi Kleber,4,28,DAL,8000000,9903031,1903031,7790943,19578455,77250,8333333,980431,6556515
254,Brandon Knight,SG-PG,28,TOT,15643750,8726962,-6916788,4707724,24107258,77250,2500000,815615,6472834
255,Kevin Knox,3,20,NYK,4380120,1524258,-2855862,3776929,815615,77250,1512601,16747954,4412340
256,John Konchar,2,23,MEM,79568,1551031,1471463,4190309,1656600,77250,543471,47370,2541661
257,Furkan Korkmaz,2,22,PHI,1620564,5170101,3549537,6379374,10500000,77250,2500000,3094013,6185799
258,Luke Kornet,5,24,CHI,2250000,1295362,-954638,3338694,77250,77250,1757429,8333333,3047364
259,Kyle Korver,3,38,MIL,6004753,1734296,-4270457,4900485,77250,77250,2100000,2393887,3655851
260,Rodions Kurucs,4,21,BRK,1699236,2344352,645116,2966344,5000000,77250,838464,1471382,3023670
261,Kyle Kuzma,4,24,LAL,1974600,7050186,5075586,7732180,5169960,77250,12500000,3744840,6331915
262,Skal Labissiere,5,23,POR,2338846,7206454,4867608,4301919,17000000,77250,4449000,10595506,4474982
263,Jeremy Lamb,2,27,IND,10500000,6196724,-4303276,8340496,4351320,1312611,9367200,5821260,5523175
264,Romeo Langford,2,20,BOS,3458400,2087844,-1370556,1979101,4837500,77250,838464,4347826,2843691
265,Zach LaVine,2,24,CHI,19500000,14765584,-4734416,16729349,2319360,12000000,26540100,18868626,18698789
266,Jake Layman,3,25,MIN,3581986,3106686,-475300,3839192,2483040,77250,5000000,1690000,3091454
267,TJ Leaf,4,22,IND,2813280,1643928,-1169352,1980831,2486757,77250,1579440,1000000,1815520
268,Jalen Lecque,2,19,PHO,898310,704061,-194249,829792,1569360,77250,198579,2393887,813120
269,Courtney Lee,2,34,DAL,12759670,796443,-11963227,2342259,77250,77250,838464,2000000,3027521
270,Damion Lee,2,27,GSW,79568,10817885,10738317,9019471,16517857,1312611,12500000,18109175,10943456
271,Alex Len,5,26,TOT,4160000,2095047,-2064953,5346953,1544951,77250,1600520,1544951,2628731
272,Kawhi Leonard,3,28,LAC,32742000,22756253,-9985747,20777697,17638063,26540100,26540100,25467250,26015061
273,Meyers Leonard,5,27,MIA,11286515,3325579,-7960936,5927213,2300000,77250,4449000,7000000,5291506
274,Caris LeVert,2,25,BRK,2625717,13247354,10621637,12147011,23200000,1312611,12000000,1702800,9657983
275,Damian Lillard,1,29,POR,29802321,23381882,-6420439,25031047,26153057,12000000,26540100,26153057,24011233
276,Nassir Little,4,19,POR,2105520,1325300,-780220,2125670,2076840,77250,838464,2568600,2348352
277,Kevon Looney,5,23,GSW,4464286,1276862,-3187424,2967469,1286160,77250,838464,77250,4280547
278,Brook Lopez,5,31,MIL,12093024,4028030,-8064994,8248074,3382000,1312611,3382000,29230769,6861113
279,Robin Lopez,5,31,MIL,4767000,1208789,-3558211,2430133,1471382,77250,815615,1471382,3441333
280,Kevin Love,4,31,CLE,28942830,14853549,-14089281,18566093,5504419,12000000,22642350,22116750,18197081
281,Kyle Lowry,1,33,TOR,33296296,16956286,-16340010,16806444,25686667,12000000,12000000,6434520,15896683
282,Trey Lyles,4,24,SAS,5500000,2945340,-2554660,7052685,1720560,77250,3000000,3950000,4112451
283,Daryl Macon,1,24,MIA,79568,314517,234949,1195295,77250,77250,76236,74158,548218
284,Josh Magette,1,30,ORL,79568,764246,684678,874,1465920,77250,1050000,543471,541519
285,Ian Mahinmi,5,33,WAS,15450051,6389784,-9060267,4647707,17000000,77250,1600520,4823621,4754391
286,Thon Maker,5,22,DET,3569643,2061204,-1508439,2956035,3290000,77250,1512601,3333333,1608863
287,Terance Mann,3,23,LAC,1000000,863578,-136422,1628309,838464,77250,838464,4347826,1626449
288,Boban Marjanovic,5,31,DAL,3500000,1283014,-2216986,3733682,154512,77250,1378242,9769821,4022351
289,Lauri Markkanen,4,22,CHI,5300400,9676799,4376399,11764486,3821640,12000000,12250000,7377500,9830244
290,Caleb Martin,3,24,CHO,898310,2647870,1749560,3784289,77250,77250,5782450,1015696,3691240
291,Cody Martin,3,24,CHO,1173310,4293356,3120046,4867563,5000000,77250,5782450,2090000,4285463
292,Kelan Martin,3,24,MIN,79568,2766993,2687425,3963864,5000000,77250,1512601,5000000,4148077
293,Garrison Mathews,2,23,WAS,79568,1604514,1524946,2551979,1987440,77250,1524305,543471,4086050
294,Wesley Matthews,2,33,MIL,2564753,2786792,222039,5987334,2500000,77250,2500000,8653076,8216384
295,Patrick McCaw,3,24,TOR,4000000,5310373,1310373,4578919,12800562,1312611,1315448,9530000,7896243
296,CJ McCollum,2,28,POR,27556959,15723488,-11833471,13337641,23962573,12000000,12000000,25759766,14121643
297,TJ McConnell,1,27,IND,3500000,2516064,-983936,7253029,1600520,77250,1600520,17868853,4724519
298,Jalen McDaniels,3,22,CHO,898310,4219177,3320867,4375941,4661280,77250,6191000,4661280,4035945
299,Doug McDermott,4,28,IND,7333333,6811267,-522066,5981313,7806971,77250,10500000,189832,6859025
300,JaVale McGee,5,32,LAL,4000000,2419603,-1580397,4863869,1567007,77250,2947304,3000000,4286885
301,Rodney McGruder,2,28,LAC,4807693,943762,-3863931,3035523,77250,77250,838464,1050000,3306116
302,Alfonzo McKinnie,3,27,CLE,1588231,765727,-822504,2197711,77250,77250,838464,838464,4116507
303,Jordan McLaughlin,1,23,MIN,79568,2813794,2734226,6596049,1600520,77250,3000000,1641000,4138864
304,Ben McLemore,3,26,HOU,2028594,3732361,1703767,4893766,1705920,77250,7000000,2483040,4191439
305,Jordan McRae,2,28,TOT,1645357,3665779,2020422,6665483,164802,77250,7000000,17878652,8652026
306,Nicolo Melli,5,29,NOP,4102564,2134118,-1968446,4221936,2393887,77250,1709538,2393887,3706142
307,De'Anthony Melton,1,21,MEM,1416852,4554612,3137760,6405825,2361359,77250,8000000,3183526,4964913
308,Chimezie Metu,5,22,SAS,1416852,461339,-955513,1370386,457418,77250,77250,12400000,3130193
309,Khris Middleton,3,28,MIL,30603448,15486642,-15116806,16231260,21000000,12000000,12000000,14500000,18878134
310,CJ Miles,3,32,WAS,8730158,3025030,-5705128,2923255,6666667,77250,1512601,77250,3341701
311,Malcolm Miller,3,26,TOR,1588231,1215457,-372774,792654,1874640,77250,1579440,77250,1130585
312,Paul Millsap,4,34,DEN,30000000,5779403,-24220597,7960854,6514288,1312611,6300000,2483040,6366340
313,Shake Milton,2,23,PHI,1445697,8611162,7165465,5509302,23112004,77250,2500000,2441400,5441621
314,Donovan Mitchell,2,23,UTA,3635760,10017050,6381290,14694118,3111480,12000000,12000000,3219579,11982308
315,Adam Mokoka,3,21,CHI,79568,155283,75715,488408,77250,77250,47370,1471382,988065
316,Malik Monk,2,21,CHO,4028400,4561120,532720,6757743,3210840,77250,7000000,6153846,10020449
317,E'Twaun Moore,2,30,NOP,8664928,3224257,-5440671,4393052,5200000,77250,2500000,1709538,3185679
318,Ja Morant,1,20,MEM,8730240,9331734,601494,14765791,5470920,1312611,14000000,5470920,11859871
319,Juwan Morgan,4,22,UTA,796806,869006,72200,963290,543471,77250,1579440,2135040,946658
320,Marcus Morris,SF-PF,30,TOT,15000000,9440732,-5559268,10148043,1423560,12000000,14800000,23000000,9155068
321,Markieff Morris,4,30,TOT,3200000,4152454,952454,5199090,2941440,77250,7000000,2441400,6275366
322,Monte Morris,1,24,DEN,1588231,3246324,1658093,7364623,2536898,77250,3000000,2500000,4881288
323,Johnathan Motley,4,24,LAC,79568,280571,201003,-821702,1450000,77250,76236,1471382,1113977
324,Emmanuel Mudiay,1,23,UTA,1737145,4922837,3185692,4748331,10845506,77250,2500000,2393887,4094788
325,Dejounte Murray,1,23,SAS,2321735,10633525,8311790,9712403,13734000,1312611,14000000,2116955,6075899
326,Jamal Murray,1,22,DEN,4444746,9858146,5413400,13420959,3499800,12000000,12000000,3355320,12069324
327,Dzanan Musa,3,20,BRK,1911600,1884893,-26707,3550352,77250,77250,3500000,1378242,2317997
328,Mike Muscala,5,28,OKC,2028594,3070609,1042015,3108676,7420912,77250,838464,304051,3129022
329,Sviatoslav Mykhailiuk,3,22,DET,1416852,3809785,2392933,6066124,6000000,77250,2500000,10470000,4496262
330,Abdel Nader,3,26,OKC,1618520,1447622,-170898,3145590,1015696,77250,1512601,7333334,3737125
331,Larry Nance Jr,4,27,CLE,12727273,9227793,-3499480,11079045,12078652,1471382,10000000,13734000,8215908
332,Shabazz Napier,1,28,TOT,1845301,4825431,2980130,8850701,409300,77250,9000000,16000000,4825041
333,Raul Neto,1,27,PHI,1737145,1523259,-213886,3025907,2100000,77250,838464,2350999,1848346
334,Georges Niang,4,26,UTA,1645357,1768565,123208,3675972,1740000,77250,1512601,1312611,3513223
335,Joakim Noah,5,34,LAC,6431666,1922815,-4508851,2848032,3500000,77250,950000,77250,3760355
336,Nerlens Noel,5,25,OKC,1882867,3294219,1411352,4339512,4087500,1471382,2947304,3000000,3398089
337,Zach Norvell,2,22,TOT,79568,1527982,1448414,1794601,3853931,77250,77250,1167333,1371154
338,Jaylen Nowell,2,20,MIN,1400000,1118421,-281579,2487322,1410598,77250,543471,1450000,839210
339,Frank Ntilikina,1,21,NYK,4855800,1425702,-3430098,3426778,949000,77250,1312611,949000,3309111
340,Kendrick Nunn,1,24,MIA,1416852,5416720,3999868,7867684,2386864,1312611,9000000,18109175,10916633
341,Jusuf Nurkic,5,25,POR,12000000,14339060,2339060,12327999,2299080,22116750,22116750,2299080,11140681
342,David Nwaba,3,27,BRK,1678854,2606797,927943,2676769,5250000,77250,1645200,1740000,2523569
343,Royce O'Neale,3,26,UTA,1618520,7857454,6238934,7883855,7590035,8000000,8000000,5027028,7125768
344,Kyle O'Quinn,5,29,PHI,2174318,1646793,-527525,3643285,2098196,77250,815615,2393887,5038307
345,Semi Ojeleye,4,25,BOS,1618520,5134582,3516062,3451198,10000000,77250,4837500,6134000,3802558
346,Jahlil Okafor,5,24,NOP,1702486,1836439,133953,4100131,1567007,77250,1600520,1709538,3746873
347,Elie Okobo,1,22,PHO,1416852,1487813,70961,3671584,1524305,77250,815615,2393887,2430505
348,Josh Okogie,2,21,MIN,2530680,4818415,2287735,6824780,2163600,1312611,8000000,19000000,6325618
349,KZ Okpala,4,20,MIA,898310,1400163,501853,648092,3750000,77250,543471,426775,949736
350,Victor Oladipo,2,27,IND,21000000,6091134,-14908866,9102503,3819960,1312611,9000000,3218280,7087075
351,Kelly Olynyk,5,28,MIA,12667885,5471769,-7196116,5916635,7000000,77250,7000000,23112004,6870886
352,Miye Oni,3,22,UTA,898310,2629092,1730782,2380227,2076840,77250,4837500,77250,1282907
353,Cedi Osman,3,24,CLE,2907143,9925844,7018701,7286963,18500000,1312611,9000000,2500000,8413572
354,Jabari Parker,4,24,TOT,6500000,12706555,6206555,7415368,22642350,1312611,14000000,6300000,7577724
355,Chandler Parsons,4,31,ATL,25102512,916768,-24185744,2119677,1487694,77250,77250,1167333,1067114
356,Eric Paschall,4,23,GSW,898310,13197015,12298705,8672125,20000000,1312611,17145838,2386864,4013725
357,Patrick Patterson,4,30,LAC,3068660,1740102,-1328558,4567008,1740000,77250,815615,543471,3595203
358,Justin Patton,5,22,OKC,1620564,1462088,-158476,389700,4666500,77250,74158,1050000,2401290
359,Chris Paul,1,34,OKC,38506482,16917312,-21589170,15468396,26540100,12000000,12000000,15000000,18165472
360,Cameron Payne,2,25,PHO,150000,5428007,5278007,7102943,4078320,1312611,8000000,6514288,6636617
361,Elfrid Payton,1,25,NYK,8000000,6984946,-1015054,9940093,875000,1312611,14000000,2151704,6218262
362,Norvel Pelle,5,26,PHI,79568,914807,835239,293131,2028360,77250,815615,1800000,3729614
363,Theo Pinson,2,24,BRK,1445697,859047,-586650,2351554,288131,77250,838464,1793760,2671366
364,Mason Plumlee,5,29,DEN,14041096,2233050,-11808046,5921198,1600520,77250,1600520,4087500,5326052
365,Jakob Poeltl,5,24,SAS,3754885,2950583,-804302,6132482,1567007,1471382,2947304,11000000,6773019
366,Vincent Poirier,5,26,BOS,2505793,832336,-1673457,960151,1223653,77250,838464,8000000,1686870
367,Shamorie Ponds,1,21,TOR,79568,-149800,-229368,-1147570,192812,77250,77250,76236,870077
368,Jordan Poole,2,20,GSW,1964760,8813875,6849115,5116728,24107258,77250,2500000,1544951,11440461
369,Otto Porter,3,26,CHI,27250576,5606538,-21644038,6286444,2847600,77250,11000000,7305825,6084307
370,Bobby Portis,4,24,NYK,15000000,4968756,-10031244,7502379,4078320,77250,7000000,12400000,4429223
371,Kristaps Porzingis,5,24,DAL,27285000,20134887,-7150113,15475727,21165675,22116750,21165675,12250000,10608190
372,Dwight Powell,5,28,DAL,10259375,11480365,1220990,7982994,11422536,13000000,13000000,1621415,7543731
373,Norman Powell,2,26,TOR,10116576,13159055,3042479,9886971,12000000,12000000,17145838,7000000,4903914
374,Taurean Prince,4,25,BRK,3481985,9413468,5931483,8752356,11830358,1312611,12500000,18089888,6095613
375,Julius Randle,4,25,NYK,18000000,19202582,1202582,15359265,13333333,22116750,25467250,2299080,10946943
376,Josh Reaves,3,22,DAL,79568,599923,520355,690009,385000,77250,1050000,77250,1427811
377,Cam Reddish,3,20,ATL,4245720,10342665,6096945,6073951,24107258,1312611,6000000,12800000,8567733
378,JJ Redick,2,35,NOP,13486300,11304617,-2181683,10933493,12000000,12000000,10500000,12250000,10022673
379,Naz Reid,5,20,MIN,898310,2661622,1763312,3205178,1403611,77250,5000000,7000000,3555120
380,Josh Richardson,2,26,PHI,10116576,10562272,445696,8184233,16517857,1312611,12250000,6700800,10027064
381,Austin Rivers,2,27,HOU,2174310,2612635,438325,5167769,2500000,77250,2500000,1705920,6329078
382,Andre Roberson,3,28,OKC,10740740,1916468,-8824272,1931871,4276320,77250,838464,8630000,3319240
383,Duncan Robinson,2,25,MIA,1416852,10371662,8954810,8609981,18735364,12000000,2898000,8400000,12234665
384,Glenn Robinson III,3,26,TOT,1882867,9556187,7673320,8488579,18500000,1312611,7000000,6782392,7642946
385,Jerome Robinson,2,22,TOT,3567720,1001999,-2565721,2310618,815615,77250,838464,2639313,3022081
386,Justin Robinson,1,22,WAS,898310,690743,-207567,2051042,752250,77250,77250,543471,561860
387,Mitchell Robinson,5,21,NYK,1559712,4832957,3273245,6250740,9631250,1471382,1471382,4384490,8141696
388,Isaiah Roby,4,21,OKC,1500000,511154,-988846,1693396,393041,77250,76236,247827,394366
389,Rajon Rondo,1,33,LAL,2564753,4357191,1792438,7906860,6000000,77250,3000000,1713840,5594727
390,Derrick Rose,1,31,DET,7317074,13094511,5777437,11427750,23200000,1312611,12000000,86118,10678260
391,Terrence Ross,2,28,ORL,12500000,7970572,-4529428,9076740,7377500,77250,12500000,7377500,8188911
392,Terry Rozier,1,25,CHO,19894737,9818368,-10076369,13233771,3499800,12000000,12000000,23112004,9475347
393,Ricky Rubio,1,29,PHO,16200000,8281705,-7918295,13690263,2613600,1312611,14000000,19000000,13462472
394,D'Angelo Russell,1,23,TOT,27285000,10267183,-17017817,15871213,3111480,12000000,12000000,3111480,11554578
395,Domantas Sabonis,4,23,IND,3529554,22039685,18510131,19444930,23775506,23775506,21165675,29512900,13734217
396,Luka Samanic,4,20,SAS,2689920,4064371,1374451,4662683,9213484,77250,1312611,1312611,4333246
397,JaKarr Sampson,4,26,IND,1737145,713918,-1023227,1953904,77250,77250,838464,543471,2337135
398,Dario Saric,4,25,PHO,3481985,5490224,2008239,9114230,2526840,77250,9000000,4078320,5699152
399,Tomas Satoransky,2,28,CHI,10000000,6664022,-3335978,9229070,8653847,1312611,6300000,874636,6860230
400,Admiral Schofield,4,22,WAS,1000000,3234848,2234848,1495833,4837500,77250,4837500,1460927,1961581
401,Mike Scott,4,31,PHI,4767000,2061823,-2705177,5214953,1622520,77250,1512601,16747954,3331562
402,Thabo Sefolosha,4,35,HOU,2564753,748215,-1816538,2549119,77250,77250,543471,4328000,2472409
403,Collin Sexton,1,21,CLE,4764960,19968352,15203392,11077196,25759766,12000000,25467250,2621280,13220888
404,Landry Shamet,2,22,LAC,1995120,9360384,7365264,5138279,13760000,8000000,9000000,13760000,11043419
405,Marial Shayok,2,24,PHI,79568,511612,432044,1957158,198579,77250,77250,543471,5077495
406,Iman Shumpert,3,29,BRK,2031676,2915482,883806,2786252,7119650,77250,838464,652165,4919346
407,Pascal Siakam,4,25,TOR,2351838,20108515,17756677,15848697,24559380,12000000,23775506,13333333,16517129
408,Chris Silva,4,23,MIA,79568,1151717,1072149,894964,2407560,77250,815615,1471382,2356631
409,Ben Simmons,1,23,PHI,8113929,9095957,982028,15293735,6434520,1312611,12000000,6168840,12669118
410,Anfernee Simons,2,20,POR,2149560,2842066,692506,4206015,4008882,77250,2500000,22116750,7472103
411,Alen Smailagic,5,19,GSW,898310,2346719,1448409,2353001,2568600,77250,3500000,1512601,1874865
412,Marcus Smart,2,25,BOS,12553571,12009340,-544231,10423635,12545455,8000000,15000000,2775000,8727614
413,JR Smith,2,34,LAL,1456667,518792,-937875,2040786,194220,77250,47370,95904,729939
414,Zhaire Smith,3,20,PHI,3058800,58011,-3000789,-191706,77250,77250,198579,1000000,749155
415,Tony Snell,3,28,DET,11392857,6417488,-4975369,6176837,9821429,8000000,2500000,18500000,7808514
416,Omari Spellman,5,22,GSW,1897800,3816407,1918607,6714930,5000000,77250,3000000,13000000,5570504
417,Max Strus,3,23,CHI,79568,155286,75718,-1408223,1450000,77250,74158,1471382,674307
418,Edmond Sumner,2,24,IND,2000000,1611024,-388976,2627154,2700000,77250,838464,1471382,2112079
419,Caleb Swanigan,PF-C,22,TOT,2033160,645022,-1388138,1748798,309859,77250,543471,309859,6088544
420,Jayson Tatum,4,21,BOS,7830000,18649745,10819745,17723059,18100000,12000000,23775506,19300000,21146650
421,Jeff Teague,1,31,TOT,19000000,8434397,-10565603,8812194,1315448,1312611,19000000,3382000,7057624
422,Garrett Temple,2,33,BRK,4767000,5743577,976577,8119115,2250960,1312611,10000000,14087500,7344058
423,Daniel Theis,5,27,BOS,5000000,10206295,5206295,6966643,12000000,1471382,16000000,247827,7136364
424,Isaiah Thomas,1,30,WAS,2320044,8040417,5720373,7478290,12606250,77250,9000000,2393887,9878181
425,Khyri Thomas,2,23,DET,1416852,1158155,-258697,98179,3853931,77250,47370,77250,907378
426,Matt Thomas,2,25,TOR,898310,1586463,688153,2722951,2568600,77250,815615,838464,3256601
427,Tristan Thompson,4,28,CLE,18539130,12102773,-6436357,13043102,17469565,1312611,13000000,19264603,15100365
428,Matisse Thybulle,2,22,PHI,2582160,2422886,-159274,2135423,1645200,1312611,4000000,1952760,4469886
429,Anthony Tolliver,4,34,TOT,2564753,3954997,1390244,4053929,5451600,77250,4837500,5000000,2605262
430,Karl-Anthony Towns,5,24,MIN,27285000,19995426,-7289574,21042535,7839435,26540100,26540100,34682550,22594761
431,Gary Trent Jr,3,21,POR,1416852,3698463,2281611,4734246,1705920,77250,7000000,7000000,6006991
432,Allonzo Trier,2,24,NYK,3551100,2537529,-1013571,2740326,1914480,77250,4449000,2116955,2284454
433,PJ Tucker,4,34,HOU,8349039,7024684,-1324355,7876790,7959537,8000000,5000000,8641000,10193665
434,Evan Turner,2,31,ATL,18606556,1815864,-16790692,3017014,1504560,77250,2328652,1471382,2565320
435,Myles Turner,5,23,IND,18000000,9559191,-8440809,9238010,12250000,1312611,12250000,2393887,10747686
436,Jonas Valanciunas,5,27,MEM,16000000,19789991,3789991,14657174,17884176,23775506,22642350,17884176,17134741
437,Denzel Valentine,3,26,CHI,3377568,1669202,-1708366,2972316,1914480,77250,1512601,1468082,3229109
438,Jarred Vanderbilt,4,20,TOT,1416852,462560,-954292,877426,319266,77250,543471,96406,2795721
439,Fred VanVleet,2,25,TOR,9346153,16455719,7109566,14450834,25686667,12000000,12000000,23112004,12166325
440,Noah Vonleh,5,24,TOT,2000000,1255610,-744390,3457829,874636,77250,815615,543471,3802441
441,Nikola Vucevic,5,29,ORL,28000000,22380465,-5619535,18253700,21165675,23775506,25467250,15793104,18471737
442,Dean Wade,4,23,CLE,79568,1936210,1856642,1647183,3750000,77250,1579440,1874640,2525984
443,Moritz Wagner,5,22,WAS,2063520,2921239,857719,4013003,1709538,77250,5000000,1188840,5160018
444,Dion Waiters,2,28,TOT,12100000,7643939,-4456061,4948757,15270762,77250,7000000,6153846,10407334
445,Kemba Walker,1,29,BOS,32742000,15398693,-17343307,15817380,21000000,12000000,12000000,12000000,14463913
446,Lonnie Walker,2,21,SAS,2764200,1645276,-1118924,3670180,1315448,77250,1512601,77250,3291324
447,Tyrone Wallace,2,25,ATL,1620564,604077,-1016487,1495719,354500,77250,543471,354500,1893996
448,Derrick Walton,1,24,TOT,1445697,1076441,-369256,2135930,1524305,77250,543471,77250,1193430
449,Brad Wanamaker,1,30,BOS,1445697,2205158,759461,4839219,1325531,77250,2500000,726672,6183592
450,TJ Warren,3,26,IND,10810000,9400194,-1409806,10159292,4317720,12000000,12000000,3152930,8750369
451,PJ Washington,4,21,CHO,3831840,5904770,2072930,8486990,4351320,1312611,8333333,1312611,8979607
452,Yuta Watanabe,3,25,MEM,79568,1697962,1618394,1008030,2667600,77250,2247480,1000000,825012
453,Tremont Waters,1,22,BOS,79568,1100111,1020543,1415681,198579,77250,2328652,127250,1567192
454,Quinndary Weatherspoon,2,23,SAS,79568,1082143,1002575,1252678,1646400,77250,1050000,77250,865593
455,Russell Westbrook,1,31,HOU,38506482,15328958,-23177524,18034338,3314365,12000000,26540100,23962573,15813845
456,Coby White,1,19,CHI,5307120,6061152,754032,8169619,1406520,77250,12500000,6261394,8636219
457,Derrick White,2,25,SAS,1948080,15082476,13134396,8469420,31214295,1312611,13000000,16000000,9409562
458,Hassan Whiteside,5,30,POR,27093018,19850745,-7242273,16105769,15793104,23775506,23775506,23500000,15858141
459,Andrew Wiggins,3,24,TOT,27504630,18551219,-8953411,13409316,23962573,12000000,21000000,24559380,17273252
460,Grant Williams,4,21,BOS,2379840,868465,-1511375,1651308,838464,77250,838464,10000000,3498033
461,Kenrich Williams,4,25,NOP,1416852,4822833,3405981,4126272,12763467,77250,838464,9530000,10436515
462,Marvin Williams,4,33,TOT,15006250,2303603,-12702647,4900192,2166360,77250,2000000,2000000,2607943
463,Robert Williams,5,22,BOS,1937520,2095427,157907,3682588,1757429,1378242,1757429,1544951,5381884
464,Nigel Williams-Goss,1,25,UTA,1500000,745723,-754277,383134,543471,77250,1579440,1000000,629502
465,Zion Williamson,4,19,NOP,9757440,20898413,11140973,13632519,22347015,22116750,23775506,86118,11156520
466,DJ Wilson,4,23,MIL,2961120,1249371,-1711749,2669745,1410598,77250,838464,815615,2187084
467,Justise Winslow,2,23,MIA,13000000,4617639,-8382361,8239580,2593440,1312611,6000000,8533333,7957638
468,Christian Wood,4,24,DET,1645357,13703723,12058366,10204992,15460675,77250,22642350,16910112,12308824
469,Delon Wright,1,27,DAL,9473684,5595635,-3878049,7867595,1641000,77250,11000000,1378242,5275152
470,Justin Wright-Foreman,1,22,UTA,79568,1083640,1004072,2107716,2076960,77250,77250,1733880,1901654
471,Thaddeus Young,4,31,CHI,12900000,4938181,-7961819,6896945,2526840,1312611,8000000,8801363,5995004
472,Trae Young,1,21,ATL,6273000,17488471,11215471,23768897,6587131,12000000,26540100,26153057,21973452
473,Cody Zeller,5,27,CHO,14471910,6581079,-7890831,8333979,2550000,77250,13000000,16000000,7572557
474,Ante Zizic,5,23,CLE,2281800,1109336,-1172464,2469890,950000,77250,950000,10002681,2338444
475,Ivica Zubac,5,22,LAC,6481482,3707772,-2773710,8266212,4087500,1471382,1600520,1600520,4210328
